support,itemsets
0.12550066755674233,frozenset({'WHITE HANGING HEART T-LIGHT HOLDER'})
0.11621050289274588,frozenset({'JUMBO BAG RED RETROSPOT'})
0.11059190031152648,frozenset({'REGENCY CAKESTAND 3 TIER'})
0.09373609256786827,frozenset({'PARTY BUNTING'})
0.08700489541611037,frozenset({'LUNCH BAG RED RETROSPOT'})
0.08094125500667557,frozenset({'ASSORTED COLOUR BIRD ORNAMENT'})
0.07704717400979083,frozenset({'SET OF 3 CAKE TINS PANTRY DESIGN'})
0.07343124165554073,frozenset({'PACK OF 72 RETROSPOT CAKE CASES'})
0.07142857142857142,frozenset({'LUNCH BAG SUKI DESIGN'})
0.07081664441477525,frozenset({'LUNCH BAG BLACK SKULL.'})
0.06948153093012906,frozenset({'NATURAL SLATE HEART CHALKBOARD'})
0.06775700934579439,frozenset({'JUMBO BAG PINK POLKADOT'})
0.06681130396083668,frozenset({'HEART OF WICKER SMALL'})
0.06586559857587895,frozenset({'JUMBO STORAGE BAG SUKI'})
0.06536493101913662,frozenset({'JUMBO SHOPPER VINTAGE RED PAISLEY'})
0.0646417445482866,frozenset({'JAM MAKING SET PRINTED'})
0.06453048509123276,"frozenset({""PAPER CHAIN KIT 50'S CHRISTMAS""})"
0.06436359590565198,frozenset({'LUNCH BAG SPACEBOY DESIGN'})
0.0639741878059635,frozenset({'LUNCH BAG CARS BLUE'})
0.06341789052069426,frozenset({'SPOTTY BUNTING'})
0.06297285269247886,frozenset({'JAM MAKING SET WITH JARS'})
0.06263907432131731,frozenset({'POSTAGE'})
0.06180462839341344,frozenset({'RECIPE BOX PANTRY YELLOW DESIGN'})
0.06119270137961727,frozenset({'WOODEN PICTURE FRAME WHITE FINISH'})
0.06063640409434802,frozenset({'LUNCH BAG PINK POLKADOT'})
0.0596906987093903,frozenset({'SET OF 4 PANTRY JELLY MOULDS'})
0.0592456608811749,frozenset({'ROSES REGENCY TEACUP AND SAUCER'})
0.058466844681797955,frozenset({'ALARM CLOCK BAKELIKE RED'})
0.05768802848242101,frozenset({'VICTORIAN GLASS HANGING T-LIGHT'})
0.05763239875389408,frozenset({'LUNCH BAG APPLE DESIGN'})
0.05740987983978638,frozenset({'RED RETROSPOT CHARLOTTE BAG'})
0.05657543391188251,frozenset({'LUNCH BAG WOODLAND'})
0.05635291499777481,frozenset({'GREEN REGENCY TEACUP AND SAUCER'})
0.05529595015576324,frozenset({'RABBIT NIGHT LIGHT'})
0.054850912327547845,frozenset({'SET/20 RED RETROSPOT PAPER NAPKINS'})
0.05451713395638629,frozenset({'ALARM CLOCK BAKELIKE GREEN'})
0.05440587449933244,frozenset({'JUMBO BAG APPLES'})
0.05401646639964397,frozenset({'WOODEN FRAME ANTIQUE WHITE'})
0.05351579884290165,frozenset({'RETROSPOT TEA SET CERAMIC 11 PC'})
0.053126390743213174,frozenset({'6 RIBBONS RUSTIC CHARM'})
0.05195816644414775,frozenset({'BAKING SET 9 PIECE RETROSPOT'})
0.051902536715620826,frozenset({'JUMBO BAG BAROQUE BLACK WHITE'})
0.05151312861593235,frozenset({'VINTAGE SNAP CARDS'})
0.05145749888740543,frozenset({'HEART OF WICKER LARGE'})
0.05078994214508233,frozenset({'GARDENERS KNEELING PAD KEEP CALM'})
0.05040053404539386,frozenset({'JUMBO BAG ALPHABET'})
0.050066755674232306,frozenset({'SPACEBOY LUNCH BOX'})
0.04906542056074766,frozenset({'CHARLOTTE BAG SUKI DESIGN'})
0.04889853137516689,frozenset({'SET/5 RED RETROSPOT LID GLASS BOWLS'})
0.04889853137516689,frozenset({'JUMBO BAG VINTAGE LEAF'})
0.04856475300400534,frozenset({'SET OF 3 REGENCY CAKE TINS'})
0.04845349354695149,frozenset({'REX CASH+CARRY JUMBO SHOPPER'})
0.04834223408989764,frozenset({'PACK OF 60 PINK PAISLEY CAKE CASES'})
0.048119715175789946,frozenset({'JUMBO BAG PINK VINTAGE PAISLEY'})
0.04800845571873609,frozenset({'JUMBO BAG WOODLAND ANIMALS'})
0.04773030707610147,frozenset({'CHOCOLATE HOT WATER BOTTLE'})
0.04728526924788607,frozenset({'DOLLY GIRL LUNCH BOX'})
0.04722963951935914,frozenset({'RED TOADSTOOL LED NIGHT LIGHT'})
0.047007120605251446,frozenset({'PLEASE ONE PERSON METAL SIGN'})
0.046395193591455275,frozenset({'SET OF 6 SPICE TINS PANTRY DESIGN'})
0.04633956386292835,frozenset({'WOODLAND CHARLOTTE BAG'})
0.04606141522029372,frozenset({'60 TEATIME FAIRY CAKE CASES'})
0.04589452603471295,"frozenset({'JUMBO BAG RED RETROSPOT', 'JUMBO BAG PINK POLKADOT'})"
0.045727636849132176,frozenset({'JUMBO BAG STRAWBERRY'})
0.04561637739207833,frozenset({'PAPER CHAIN KIT VINTAGE CHRISTMAS'})
0.044670672007120604,frozenset({'POPCORN HOLDER'})
0.04439252336448598,frozenset({'PAPER BUNTING RETROSPOT'})
0.04355807743658211,frozenset({'ALARM CLOCK BAKELIKE PINK'})
0.043502447708055184,frozenset({'HOT WATER BOTTLE KEEP CALM'})
0.04322429906542056,frozenset({'HOME BUILDING BLOCK WORD'})
0.042946150422785934,frozenset({'CLOTHES PEGS RETROSPOT PACK 24'})
0.04289052069425901,frozenset({'SCOTTIE DOG HOT WATER BOTTLE'})
0.042668001780151316,"frozenset({'GREEN REGENCY TEACUP AND SAUCER', 'ROSES REGENCY TEACUP AND SAUCER'})"
0.04255674232309746,frozenset({'PINK REGENCY TEACUP AND SAUCER'})
0.042222963951935914,frozenset({'GIN + TONIC DIET METAL SIGN'})
0.042167334223408987,frozenset({'GARDENERS KNEELING PAD CUP OF TEA'})
0.041611036938139744,frozenset({'RECYCLING BAG RETROSPOT'})
0.04127725856697819,frozenset({'CHARLOTTE BAG PINK POLKADOT'})
0.04122162883845127,frozenset({'RED HANGING HEART T-LIGHT HOLDER'})
0.04116599910992434,frozenset({'LUNCH BAG ALPHABET DESIGN'})
0.04072096128170895,frozenset({'ROUND SNACK BOXES SET OF4 WOODLAND'})
0.040498442367601244,frozenset({'HANGING HEART JAR T-LIGHT HOLDER'})
0.040498442367601244,frozenset({'DOORMAT KEEP CALM AND COME IN'})
0.040275923453493546,"frozenset({'JUMBO BAG RED RETROSPOT', 'JUMBO STORAGE BAG SUKI'})"
0.04022029372496662,frozenset({'COOK WITH WINE METAL SIGN'})
0.0401646639964397,frozenset({'STRAWBERRY CHARLOTTE BAG'})
0.03983088562527815,"frozenset({""JUMBO BAG 50'S CHRISTMAS""})"
0.03955273698264353,frozenset({'JUMBO BAG VINTAGE DOILY'})
0.03955273698264353,frozenset({'IVORY KITCHEN SCALES'})
0.03933021806853582,frozenset({'LUNCH BOX I LOVE LONDON'})
0.0392745883400089,frozenset({'DOTCOM POSTAGE'})
0.0392745883400089,frozenset({'STRAWBERRY CERAMIC TRINKET BOX'})
0.039218958611481974,frozenset({'JUMBO STORAGE BAG SKULLS'})
0.039163328882955054,frozenset({'PLASTERS IN TIN WOODLAND ANIMALS'})
0.03871829105473965,frozenset({'DOORMAT RED RETROSPOT'})
0.03832888295505118,frozenset({'ANTIQUE SILVER T-LIGHT GLASS'})
0.03827325322652426,frozenset({'SET OF 3 BUTTERFLY COOKIE CUTTERS'})
0.0381619937694704,frozenset({'JUMBO BAG SPACEBOY DESIGN'})
0.03810636404094348,frozenset({'SET OF 3 HEART COOKIE CUTTERS'})
0.03810636404094348,frozenset({'WOOD BLACK BOARD ANT WHITE FINISH'})
0.037939474855362705,frozenset({'LUNCH BAG DOLLY GIRL DESIGN'})
0.037883845126835784,frozenset({'GUMBALL COAT RACK'})
0.037828215398308856,"frozenset({'JUMBO SHOPPER VINTAGE RED PAISLEY', 'JUMBO BAG RED RETROSPOT'})"
0.03766132621272808,frozenset({'HAND OVER THE CHOCOLATE SIGN'})
0.03743880729862038,frozenset({'BATHROOM METAL SIGN'})
0.03743880729862038,frozenset({'PLASTERS IN TIN SPACEBOY'})
0.03727191811303961,frozenset({'PACK OF 20 NAPKINS PANTRY DESIGN'})
0.03727191811303961,frozenset({'GINGERBREAD MAN COOKIE CUTTER'})
0.03716065865598576,frozenset({'LUNCH BAG VINTAGE LEAF DESIGN'})
0.03688251001335113,frozenset({'PACK OF 72 SKULL CAKE CASES'})
0.03682688028482421,frozenset({'JUMBO BAG SCANDINAVIAN BLUE PAISLEY'})
0.036771250556297284,frozenset({'RED HARMONICA IN BOX'})
0.036771250556297284,frozenset({'CHILLI LIGHTS'})
0.03654873164218959,frozenset({'JUMBO BAG OWLS'})
0.03654873164218959,frozenset({'HOT WATER BOTTLE I AM SO POORLY'})
0.03638184245660881,"frozenset({'LUNCH BAG RED RETROSPOT', 'LUNCH BAG SUKI DESIGN'})"
0.03638184245660881,frozenset({'HAND WARMER OWL DESIGN'})
0.035936804628393416,frozenset({'HOMEMADE JAM SCENTED CANDLES'})
0.03576991544281264,frozenset({'HOT WATER BOTTLE TEA AND SYMPATHY'})
0.03565865598575879,"frozenset({'LUNCH BAG BLACK SKULL.', 'LUNCH BAG RED RETROSPOT'})"
0.035603026257231864,"frozenset({'ALARM CLOCK BAKELIKE RED', 'ALARM CLOCK BAKELIKE GREEN'})"
0.03515798842901647,"frozenset({'PINK REGENCY TEACUP AND SAUCER', 'GREEN REGENCY TEACUP AND SAUCER'})"
0.03499109924343569,frozenset({'SMALL WHITE HEART OF WICKER'})
0.03499109924343569,frozenset({'LOVE BUILDING BLOCK WORD'})
0.03499109924343569,frozenset({'SET OF 60 PANTRY DESIGN CAKE CASES'})
0.03465732087227414,frozenset({'RETROSPOT HEART HOT WATER BOTTLE'})
0.03454606141522029,frozenset({'COLOUR GLASS T-LIGHT HOLDER HANGING'})
0.03437917222963952,frozenset({'60 CAKE CASES VINTAGE CHRISTMAS'})
0.03426791277258567,frozenset({'PINK CREAM FELT CRAFT TRINKET BOX'})
0.03426791277258567,frozenset({'DOORMAT UNION FLAG'})
0.034212283044058746,frozenset({'72 SWEETHEART FAIRY CAKE CASES'})
0.03393413440142412,frozenset({'SET OF 20 VINTAGE CHRISTMAS NAPKINS'})
0.03393413440142412,frozenset({'PAPER CHAIN KIT RETROSPOT'})
0.03387850467289719,frozenset({'HOT BATHS METAL SIGN'})
0.03387850467289719,frozenset({'TRADITIONAL KNITTING NANCY'})
0.033767245215843344,frozenset({'VINTAGE HEADS AND TAILS CARD GAME'})
0.033711615487316424,"frozenset({'LUNCH BAG RED RETROSPOT', 'LUNCH BAG PINK POLKADOT'})"
0.03354472630173565,frozenset({'HANGING HEART ZINC T-LIGHT HOLDER'})
0.03354472630173565,frozenset({'BLUE HARMONICA IN BOX'})
0.0334334668446818,frozenset({'LUNCH BAG VINTAGE DOILY'})
0.0334334668446818,frozenset({'PACK OF 60 DINOSAUR CAKE CASES'})
0.03337783711615487,frozenset({'DOORMAT NEW ENGLAND'})
0.03326657765910102,"frozenset({'PINK REGENCY TEACUP AND SAUCER', 'ROSES REGENCY TEACUP AND SAUCER'})"
0.033099688473520246,frozenset({'JUMBO BAG PEARS'})
0.032932799287939477,frozenset({'DOORMAT HEARTS'})
0.0327659101023587,frozenset({'SMALL POPCORN HOLDER'})
0.03265465064530485,frozenset({'WOODEN BOX OF DOMINOES'})
0.032543391188251,"frozenset({'JUMBO BAG BAROQUE BLACK WHITE', 'JUMBO BAG RED RETROSPOT'})"
0.032487761459724075,"frozenset({'LUNCH BAG BLACK SKULL.', 'LUNCH BAG SUKI DESIGN'})"
0.032432131731197154,frozenset({'CHARLOTTE BAG APPLES DESIGN'})
0.032432131731197154,frozenset({'BOX OF 24 COCKTAIL PARASOLS'})
0.0323208722741433,frozenset({'ROUND SNACK BOXES SET OF 4 FRUITS'})
0.03220961281708945,"frozenset({'JUMBO BAG RED RETROSPOT', 'LUNCH BAG RED RETROSPOT'})"
0.03198709390298175,frozenset({'RED RETROSPOT SHOPPER BAG'})
0.031875834445927904,frozenset({'STRAWBERRY LUNCH BOX WITH CUTLERY'})
0.031764574988874056,frozenset({'PLASTERS IN TIN CIRCUS PARADE'})
0.03170894526034713,frozenset({'ALARM CLOCK BAKELIKE IVORY'})
0.03148642634623943,frozenset({'PLASTERS IN TIN VINTAGE PAISLEY'})
0.031263907432131734,frozenset({'LARGE WHITE HEART OF WICKER'})
0.031208277703604806,frozenset({'GREY HEART HOT WATER BOTTLE'})
0.03115264797507788,"frozenset({'LUNCH BAG RED RETROSPOT', 'LUNCH BAG SPACEBOY DESIGN'})"
0.03115264797507788,frozenset({'PLASTERS IN TIN SKULLS'})
0.030818869603916332,"frozenset({'LUNCH BAG RED RETROSPOT', 'LUNCH BAG CARS BLUE'})"
0.030818869603916332,frozenset({'HAND WARMER BIRD DESIGN'})
0.030707610146862484,"frozenset({'PAPER CHAIN KIT VINTAGE CHRISTMAS', ""PAPER CHAIN KIT 50'S CHRISTMAS""})"
0.030707610146862484,frozenset({'SET OF 12 FAIRY CAKE BAKING CASES'})
0.030596350689808635,frozenset({'CHILDRENS APRON SPACEBOY DESIGN'})
0.030485091232754783,frozenset({'HAND WARMER SCOTTY DOG DESIGN'})
0.03042946150422786,frozenset({'FELTCRAFT 6 FLOWER FRIENDS'})
0.030373831775700934,frozenset({'RED KITCHEN SCALES'})
0.030373831775700934,"frozenset({'JUMBO BAG RED RETROSPOT', 'JUMBO BAG APPLES'})"
0.030373831775700934,"frozenset({'GARDENERS KNEELING PAD KEEP CALM', 'GARDENERS KNEELING PAD CUP OF TEA'})"
0.030262572318647086,frozenset({'CHRISTMAS CRAFT LITTLE FRIENDS'})
0.030262572318647086,"frozenset({'LUNCH BAG BLACK SKULL.', 'LUNCH BAG PINK POLKADOT'})"
0.030262572318647086,frozenset({'LOVEBIRD HANGING DECORATION WHITE'})
0.03020694259012016,frozenset({'WOOD 2 DRAWER CABINET WHITE FINISH'})
0.03009568313306631,"frozenset({'PINK REGENCY TEACUP AND SAUCER', 'GREEN REGENCY TEACUP AND SAUCER', 'ROSES REGENCY TEACUP AND SAUCER'})"
0.03009568313306631,frozenset({'SMALL GLASS HEART TRINKET POT'})
0.030040053404539385,frozenset({'EDWARDIAN PARASOL NATURAL'})
0.02998442367601246,"frozenset({'WOODEN PICTURE FRAME WHITE FINISH', 'WOODEN FRAME ANTIQUE WHITE'})"
0.02998442367601246,frozenset({'RED RETROSPOT CAKE STAND'})
0.02998442367601246,"frozenset({'LUNCH BAG SUKI DESIGN', 'LUNCH BAG CARS BLUE'})"
0.029928793947485537,frozenset({'WOODEN HEART CHRISTMAS SCANDINAVIAN'})
0.029928793947485537,"frozenset({'SPACEBOY LUNCH BOX', 'DOLLY GIRL LUNCH BOX'})"
0.029928793947485537,frozenset({'POTTERING IN THE SHED METAL SIGN'})
0.029817534490431688,"frozenset({'JUMBO BAG RED RETROSPOT', 'JUMBO BAG STRAWBERRY'})"
0.02976190476190476,frozenset({'ZINC METAL HEART DECORATION'})
0.02976190476190476,frozenset({'WORLD WAR 2 GLIDERS ASSTD DESIGNS'})
0.02976190476190476,"frozenset({'JUMBO BAG WOODLAND ANIMALS', 'JUMBO BAG RED RETROSPOT'})"
0.029706275033377836,frozenset({'TRAVEL CARD WALLET KEEP CALM'})
0.02965064530485091,"frozenset({'LUNCH BAG SUKI DESIGN', 'LUNCH BAG SPACEBOY DESIGN'})"
0.02965064530485091,frozenset({'SET 2 TEA TOWELS I LOVE LONDON'})
0.029539385847797063,frozenset({'RED RETROSPOT PICNIC BAG'})
0.02948375611927014,frozenset({'SUKI SHOULDER BAG'})
0.029316866933689362,frozenset({'SMALL DOLLY MIX DESIGN ORANGE BOWL'})
0.029316866933689362,frozenset({'SET/6 RED SPOTTY PAPER PLATES'})
0.029316866933689362,frozenset({'SPACEBOY BIRTHDAY CARD'})
0.029261237205162438,"frozenset({'LUNCH BAG WOODLAND', 'LUNCH BAG RED RETROSPOT'})"
0.029205607476635514,"frozenset({'ROSES REGENCY TEACUP AND SAUCER', 'REGENCY CAKESTAND 3 TIER'})"
0.02914997774810859,frozenset({'CREAM HEART CARD HOLDER'})
0.02914997774810859,"frozenset({'JUMBO SHOPPER VINTAGE RED PAISLEY', 'JUMBO STORAGE BAG SUKI'})"
0.02903871829105474,"frozenset({'RED RETROSPOT CHARLOTTE BAG', 'CHARLOTTE BAG PINK POLKADOT'})"
0.02903871829105474,frozenset({'JUMBO BAG TOYS'})
0.02903871829105474,frozenset({'PINK BLUE FELT CRAFT TRINKET BOX'})
0.02903871829105474,"frozenset({'LUNCH BAG BLACK SKULL.', 'LUNCH BAG CARS BLUE'})"
0.02892745883400089,frozenset({'PACK OF 60 SPACEBOY CAKE CASES'})
0.028871829105473965,frozenset({'CREAM SWEETHEART MINI CHEST'})
0.02881619937694704,frozenset({'ASSORTED COLOURS SILK FAN'})
0.02881619937694704,"frozenset({'JUMBO BAG RED RETROSPOT', 'JUMBO BAG PINK VINTAGE PAISLEY'})"
0.028760569648420116,frozenset({'SET OF 20 KIDS COOKIE CUTTERS'})
0.028649310191366267,frozenset({'PLASTERS IN TIN STRONGMAN'})
0.028649310191366267,"frozenset({'JUMBO BAG PINK POLKADOT', 'JUMBO STORAGE BAG SUKI'})"
0.028593680462839343,frozenset({'JUMBO BAG DOILEY PATTERNS'})
0.02848242100578549,frozenset({'WOODEN STAR CHRISTMAS SCANDINAVIAN'})
0.02848242100578549,"frozenset({'LUNCH BAG BLACK SKULL.', 'LUNCH BAG SPACEBOY DESIGN'})"
0.02848242100578549,frozenset({'PACK OF 12 LONDON TISSUES'})
0.028371161548731642,frozenset({'SET OF 72 PINK HEART PAPER DOILIES'})
0.028315531820204718,"frozenset({'GREEN REGENCY TEACUP AND SAUCER', 'REGENCY CAKESTAND 3 TIER'})"
0.028315531820204718,frozenset({'SWEETHEART CERAMIC TRINKET BOX'})
0.02820427236315087,frozenset({'SINGLE HEART ZINC T-LIGHT HOLDER'})
0.02820427236315087,"frozenset({'RED RETROSPOT CHARLOTTE BAG', 'CHARLOTTE BAG SUKI DESIGN'})"
0.02814864263462394,frozenset({'ENAMEL FLOWER JUG CREAM'})
0.028093012906097017,"frozenset({'RED RETROSPOT CHARLOTTE BAG', 'WOODLAND CHARLOTTE BAG'})"
0.028037383177570093,frozenset({'PHOTO FRAME CORNICE'})
0.027926123720516245,frozenset({'DOORMAT FANCY FONT HOME SWEET HOME'})
0.027926123720516245,"frozenset({'LUNCH BAG CARS BLUE', 'LUNCH BAG PINK POLKADOT'})"
0.027759234534935468,frozenset({'WHITE SKULL HOT WATER BOTTLE'})
0.027592345349354695,frozenset({'NO SINGING METAL SIGN'})
0.02753671562082777,"frozenset({'WHITE HANGING HEART T-LIGHT HOLDER', 'RED HANGING HEART T-LIGHT HOLDER'})"
0.02753671562082777,frozenset({'PINK FAIRY CAKE CHILDRENS APRON'})
0.027425456163773922,frozenset({'METAL 4 HOOK HANGER FRENCH CHATEAU'})
0.027425456163773922,"frozenset({'HEART OF WICKER SMALL', 'HEART OF WICKER LARGE'})"
0.027369826435246995,frozenset({'LUNCH BAG DOILEY PATTERN'})
0.027258566978193146,frozenset({'FAWN BLUE HOT WATER BOTTLE'})
0.027091677792612373,"frozenset({'LUNCH BAG RED RETROSPOT', 'LUNCH BAG APPLE DESIGN'})"
0.02703604806408545,"frozenset({'RED RETROSPOT CHARLOTTE BAG', 'STRAWBERRY CHARLOTTE BAG'})"
0.02698041833555852,frozenset({'RED RETROSPOT PEG BAG'})
0.02698041833555852,"frozenset({'JUMBO BAG RED RETROSPOT', 'DOTCOM POSTAGE'})"
0.026869158878504672,"frozenset({'LUNCH BAG CARS BLUE', 'LUNCH BAG SPACEBOY DESIGN'})"
0.026869158878504672,"frozenset({'SPOTTY BUNTING', 'PARTY BUNTING'})"
0.026869158878504672,frozenset({'4 TRADITIONAL SPINNING TOPS'})
0.026813529149977748,frozenset({'LUNCH BOX WITH CUTLERY RETROSPOT'})
0.026757899421450824,frozenset({'FELTCRAFT BUTTERFLY HEARTS'})
0.0267022696929239,frozenset({'DOORMAT SPOTTY HOME SWEET HOME'})
0.026646639964396975,"frozenset({'LUNCH BAG WOODLAND', 'LUNCH BAG SPACEBOY DESIGN'})"
0.026646639964396975,frozenset({'HAND WARMER UNION JACK'})
0.026591010235870047,frozenset({'LADIES & GENTLEMEN METAL SIGN'})
0.026535380507343123,frozenset({'SET/3 RED GINGHAM ROSE STORAGE BOX'})
0.0264797507788162,frozenset({'JUMBO BAG VINTAGE CHRISTMAS'})
0.0264797507788162,frozenset({'LOVE HOT WATER BOTTLE'})
0.0264797507788162,frozenset({'NATURAL SLATE CHALKBOARD LARGE'})
0.026424121050289275,frozenset({'VINTAGE UNION JACK BUNTING'})
0.026424121050289275,frozenset({'PANTRY MAGNETIC SHOPPING LIST'})
0.0262572318647085,frozenset({'SMALL HEART MEASURING SPOONS'})
0.0262572318647085,"frozenset({'JAM MAKING SET WITH JARS', 'JAM MAKING SET PRINTED'})"
0.02614597240765465,frozenset({'FELTCRAFT CUSHION OWL'})
0.02614597240765465,frozenset({'SET OF TEA COFFEE SUGAR TINS PANTRY'})
0.02614597240765465,"frozenset({'ALARM CLOCK BAKELIKE PINK', 'ALARM CLOCK BAKELIKE RED'})"
0.026090342679127725,frozenset({'TOY TIDY PINK POLKADOT'})
0.0260347129506008,"frozenset({'LUNCH BAG SUKI DESIGN', 'LUNCH BAG PINK POLKADOT'})"
0.0260347129506008,frozenset({'3 STRIPEY MICE FELTCRAFT'})
0.0260347129506008,frozenset({'CHOCOLATE THIS WAY METAL SIGN'})
0.0260347129506008,"frozenset({'JUMBO SHOPPER VINTAGE RED PAISLEY', 'JUMBO BAG PINK POLKADOT'})"
0.025979083222073877,frozenset({'TRAVEL SEWING KIT'})
0.025979083222073877,frozenset({'PARTY METAL SIGN'})
0.025979083222073877,frozenset({'TEA TIME PARTY BUNTING'})
0.0258121940364931,frozenset({'BAKING SET SPACEBOY DESIGN'})
0.0258121940364931,frozenset({'RECIPE BOX RETROSPOT'})
0.025645304850912327,frozenset({'PICNIC BASKET WICKER SMALL'})
0.025589675122385403,frozenset({'RED DINER WALL CLOCK'})
0.02553404539385848,frozenset({'KNITTED UNION FLAG HOT WATER BOTTLE'})
0.02553404539385848,frozenset({'MEMO BOARD RETROSPOT DESIGN'})
0.025422785936804627,frozenset({'CHRISTMAS CRAFT TREE TOP ANGEL'})
0.025367156208277702,"frozenset({'CHARLOTTE BAG SUKI DESIGN', 'WOODLAND CHARLOTTE BAG'})"
0.025367156208277702,frozenset({'ZINC FOLKART SLEIGH BELLS'})
0.025255896751223854,frozenset({'ENAMEL BREAD BIN CREAM'})
0.02520026702269693,"frozenset({'PACK OF 72 RETROSPOT CAKE CASES', '60 TEATIME FAIRY CAKE CASES'})"
0.02520026702269693,frozenset({'SET OF 72 RETROSPOT PAPER DOILIES'})
0.02508900756564308,frozenset({'RED RETROSPOT OVEN GLOVE'})
0.02508900756564308,frozenset({'SCANDINAVIAN REDS RIBBONS'})
0.025033377837116153,frozenset({'JUMBO BAG DOLLY GIRL DESIGN'})
0.025033377837116153,"frozenset({""YOU'RE CONFUSING ME METAL SIGN""})"
0.02497774810858923,frozenset({'BEWARE OF THE CAT METAL SIGN'})
0.02497774810858923,"frozenset({'LUNCH BAG WOODLAND', 'LUNCH BAG SUKI DESIGN'})"
0.02497774810858923,"frozenset({'LUNCH BAG SUKI DESIGN', 'LUNCH BAG APPLE DESIGN'})"
0.02497774810858923,"frozenset({'JUMBO BAG WOODLAND ANIMALS', 'JUMBO STORAGE BAG SUKI'})"
0.02497774810858923,frozenset({'ROTATING SILVER ANGELS T-LIGHT HLDR'})
0.02497774810858923,frozenset({'FELTCRAFT PRINCESS CHARLOTTE DOLL'})
0.024922118380062305,"frozenset({'LUNCH BAG WOODLAND', 'LUNCH BAG CARS BLUE'})"
0.024922118380062305,"frozenset({'JUMBO BAG SCANDINAVIAN BLUE PAISLEY', 'JUMBO BAG RED RETROSPOT'})"
0.024922118380062305,frozenset({'RED RETROSPOT BOWL'})
0.02486648865153538,frozenset({'SMALL MARSHMALLOWS PINK BOWL'})
0.024810858923008456,"frozenset({'WHITE HANGING HEART T-LIGHT HOLDER', 'JUMBO BAG RED RETROSPOT'})"
0.024810858923008456,frozenset({'SCANDINAVIAN PAISLEY PICNIC BAG'})
0.02475522919448153,frozenset({'PICNIC BASKET WICKER LARGE'})
0.02475522919448153,frozenset({'REGENCY TEA PLATE ROSES'})
0.02475522919448153,frozenset({'SET OF 3 WOODEN HEART DECORATIONS'})
0.02475522919448153,frozenset({'CHARLOTTE BAG VINTAGE ALPHABET'})
0.02475522919448153,frozenset({'ALARM CLOCK BAKELIKE ORANGE'})
0.024699599465954607,"frozenset({'LUNCH BAG BLACK SKULL.', 'LUNCH BAG WOODLAND'})"
0.024699599465954607,frozenset({'SET OF 12 MINI LOAF BAKING CASES'})
0.02464396973742768,frozenset({'DOORMAT WELCOME TO OUR HOME'})
0.02464396973742768,frozenset({'PACK OF 12 TRADITIONAL CRAYONS'})
0.02464396973742768,frozenset({'SET OF 6 SOLDIER SKITTLES'})
0.02464396973742768,frozenset({'CARD BILLBOARD FONT'})
0.02453271028037383,frozenset({'CLEAR DRAWER KNOB ACRYLIC EDWARDIAN'})
0.024310191366266134,frozenset({'RED STRIPE CERAMIC DRAWER KNOB'})
0.024310191366266134,frozenset({'60 CAKE CASES DOLLY GIRL DESIGN'})
0.024310191366266134,frozenset({'AREA PATROLLED METAL SIGN'})
0.02425456163773921,frozenset({'VINTAGE PAISLEY STATIONERY SET'})
0.02425456163773921,"frozenset({""POPPY'S PLAYHOUSE KITCHEN""})"
0.02425456163773921,frozenset({'PAPER CHAIN KIT EMPIRE'})
0.024087672452158433,frozenset({'TOILET SIGN OCCUPIED OR VACANT'})
0.024087672452158433,frozenset({'WOODEN SCHOOL COLOURING SET'})
0.02392078326657766,"frozenset({'PACK OF 60 PINK PAISLEY CAKE CASES', 'PACK OF 72 RETROSPOT CAKE CASES'})"
0.02392078326657766,"frozenset({'SET 3 RETROSPOT TEA,COFFEE,SUGAR'})"
0.023865153538050736,frozenset({'RED WOOLLY HOTTIE WHITE HEART.'})
0.023865153538050736,frozenset({'WHITE WOOD GARDEN PLANT LADDER'})
0.023865153538050736,"frozenset({'JUMBO BAG RED RETROSPOT', 'JUMBO BAG SPACEBOY DESIGN'})"
0.023865153538050736,"frozenset({'JUMBO BAG WOODLAND ANIMALS', 'JUMBO BAG PINK POLKADOT'})"
0.023809523809523808,frozenset({'ALARM CLOCK BAKELIKE CHOCOLATE'})
0.023809523809523808,frozenset({'SET/6 RED SPOTTY PAPER CUPS'})
0.023809523809523808,"frozenset({'LUNCH BAG PINK POLKADOT', 'LUNCH BAG SPACEBOY DESIGN'})"
0.023753894080996884,frozenset({'PACK OF 12 HEARTS DESIGN TISSUES'})
0.023642634623943035,frozenset({'FLORAL FOLK STATIONERY SET'})
0.023642634623943035,frozenset({'BLUE STRIPE CERAMIC DRAWER KNOB'})
0.023642634623943035,"frozenset({'RED RETROSPOT CHARLOTTE BAG', 'JUMBO BAG RED RETROSPOT'})"
0.023642634623943035,"frozenset({'JUMBO BAG RED RETROSPOT', 'JUMBO BAG VINTAGE LEAF'})"
0.023642634623943035,frozenset({'TRADITIONAL WOODEN SKIPPING ROPE'})
0.023531375166889187,frozenset({'CHILDRENS CUTLERY POLKADOT PINK'})
0.023531375166889187,"frozenset({""POPPY'S PLAYHOUSE BEDROOM""})"
0.023475745438362262,frozenset({'SET OF 6 RIBBONS VINTAGE CHRISTMAS'})
0.023475745438362262,frozenset({'SET OF 3 NOTEBOOKS IN PARCEL'})
0.023475745438362262,"frozenset({'JUMBO BAG BAROQUE BLACK WHITE', 'JUMBO STORAGE BAG SUKI'})"
0.023420115709835335,"frozenset({'JUMBO BAG BAROQUE BLACK WHITE', 'JUMBO SHOPPER VINTAGE RED PAISLEY'})"
0.023253226524254562,frozenset({'SOLDIERS EGG CUP'})
0.023253226524254562,"frozenset({'ALARM CLOCK BAKELIKE PINK', 'ALARM CLOCK BAKELIKE GREEN'})"
0.023197596795727637,"frozenset({'JUMBO SHOPPER VINTAGE RED PAISLEY', 'JUMBO BAG PINK VINTAGE PAISLEY'})"
0.023141967067200713,frozenset({'VINTAGE CREAM DOG FOOD CONTAINER'})
0.023141967067200713,frozenset({'REGENCY TEAPOT ROSES'})
0.02308633733867379,"frozenset({'NATURAL SLATE HEART CHALKBOARD', 'WHITE HANGING HEART T-LIGHT HOLDER'})"
0.02308633733867379,"frozenset({'LUNCH BAG BLACK SKULL.', 'LUNCH BAG APPLE DESIGN'})"
0.02308633733867379,frozenset({'NATURAL SLATE RECTANGLE CHALKBOARD'})
0.02308633733867379,frozenset({'IVORY DINER WALL CLOCK'})
0.02308633733867379,frozenset({'CHARLOTTE BAG DOLLY GIRL DESIGN'})
0.02308633733867379,frozenset({'VINTAGE DOILY TRAVEL SEWING KIT'})
0.02308633733867379,"frozenset({'JUMBO BAG RED RETROSPOT', 'RECYCLING BAG RETROSPOT'})"
0.02308633733867379,"frozenset({'CHARLOTTE BAG SUKI DESIGN', 'STRAWBERRY CHARLOTTE BAG'})"
0.02303070761014686,"frozenset({'JUMBO BAG RED RETROSPOT', 'JUMBO STORAGE BAG SKULLS'})"
0.02303070761014686,"frozenset({'JUMBO BAG BAROQUE BLACK WHITE', 'JUMBO BAG PINK POLKADOT'})"
0.02303070761014686,"frozenset({'JUMBO BAG RED RETROSPOT', 'JUMBO BAG ALPHABET'})"
0.022975077881619937,frozenset({'FELTCRAFT PRINCESS LOLA DOLL'})
0.022975077881619937,frozenset({'GINGHAM HEART DECORATION'})
0.022975077881619937,"frozenset({'JUMBO BAG RED RETROSPOT', 'JUMBO BAG PINK POLKADOT', 'JUMBO STORAGE BAG SUKI'})"
0.022919448153093012,frozenset({'SKULL LUNCH BOX WITH CUTLERY'})
0.022919448153093012,frozenset({'METAL SIGN TAKE IT OR LEAVE IT'})
0.022919448153093012,frozenset({'STRAWBERRY SHOPPER BAG'})
0.022919448153093012,frozenset({'TRADITIONAL WOODEN CATCH CUP GAME'})
0.022863818424566088,frozenset({'SKULL SHOULDER BAG'})
0.022808188696039164,frozenset({'PINK VINTAGE PAISLEY PICNIC BAG'})
0.022808188696039164,"frozenset({'CHARLOTTE BAG SUKI DESIGN', 'CHARLOTTE BAG PINK POLKADOT'})"
0.022808188696039164,"frozenset({'SET OF 6 SPICE TINS PANTRY DESIGN', 'SET OF 3 CAKE TINS PANTRY DESIGN'})"
0.02275255896751224,frozenset({'WHITE SPOT RED CERAMIC DRAWER KNOB'})
0.02275255896751224,frozenset({'RIBBON REEL STRIPES DESIGN'})
0.022696929238985315,frozenset({'TRAVEL CARD WALLET VINTAGE TICKET'})
0.022696929238985315,"frozenset({'WOODEN PICTURE FRAME WHITE FINISH', 'WHITE HANGING HEART T-LIGHT HOLDER'})"
0.022696929238985315,"frozenset({'GREEN REGENCY TEACUP AND SAUCER', 'ROSES REGENCY TEACUP AND SAUCER', 'REGENCY CAKESTAND 3 TIER'})"
0.022641299510458388,frozenset({'SET OF 60 I LOVE LONDON CAKE CASES'})
0.022641299510458388,frozenset({'DOORMAT ENGLISH ROSE'})
0.022641299510458388,frozenset({'WOODEN UNION JACK BUNTING'})
0.022585669781931463,"frozenset({'STRAWBERRY CHARLOTTE BAG', 'WOODLAND CHARLOTTE BAG'})"
0.022585669781931463,"frozenset({'JUMBO BAG PEARS', 'JUMBO BAG APPLES'})"
0.02253004005340454,frozenset({'TOILET METAL SIGN'})
0.02253004005340454,frozenset({'SET 6 SCHOOL MILK BOTTLES IN CRATE'})
0.02253004005340454,frozenset({'WICKER STAR'})
0.02253004005340454,"frozenset({'JUMBO BAG RED RETROSPOT', 'LUNCH BAG SUKI DESIGN'})"
0.02241878059635069,"frozenset({""BOX OF 6 MINI 50'S CRACKERS""})"
0.02241878059635069,frozenset({'WOOD S/3 CABINET ANT WHITE FINISH'})
0.022363150867823766,frozenset({'PINK HAPPY BIRTHDAY BUNTING'})
0.022363150867823766,frozenset({'CHICK GREY HOT WATER BOTTLE'})
0.02230752113929684,frozenset({'VINTAGE CHRISTMAS BUNTING'})
0.022029372496662217,"frozenset({'LUNCH BAG WOODLAND', 'LUNCH BAG PINK POLKADOT'})"
0.021973742768135292,"frozenset({'PARTY BUNTING', 'REGENCY CAKESTAND 3 TIER'})"
0.021973742768135292,"frozenset({'JUMBO STORAGE BAG SUKI', 'DOTCOM POSTAGE'})"
0.021973742768135292,"frozenset({'CHARLOTTE BAG PINK POLKADOT', 'WOODLAND CHARLOTTE BAG'})"
0.021918113039608368,"frozenset({'RED RETROSPOT CHARLOTTE BAG', 'LUNCH BAG RED RETROSPOT'})"
0.021918113039608368,"frozenset({'RECIPE BOX PANTRY YELLOW DESIGN', 'SET OF 3 CAKE TINS PANTRY DESIGN'})"
0.02186248331108144,"frozenset({'LUNCH BAG APPLE DESIGN', 'LUNCH BAG SPACEBOY DESIGN'})"
0.021806853582554516,"frozenset({'PINK REGENCY TEACUP AND SAUCER', 'REGENCY CAKESTAND 3 TIER'})"
0.021806853582554516,"frozenset({'CHOCOLATE HOT WATER BOTTLE', 'HOT WATER BOTTLE I AM SO POORLY'})"
0.021751223854027592,"frozenset({'HEART OF WICKER SMALL', 'WHITE HANGING HEART T-LIGHT HOLDER'})"
0.021751223854027592,"frozenset({'JUMBO BAG OWLS', 'JUMBO BAG RED RETROSPOT'})"
0.021751223854027592,"frozenset({'JUMBO BAG ALPHABET', 'JUMBO BAG APPLES'})"
0.021695594125500667,"frozenset({'JUMBO BAG WOODLAND ANIMALS', 'JUMBO SHOPPER VINTAGE RED PAISLEY'})"
0.021695594125500667,"frozenset({'JUMBO SHOPPER VINTAGE RED PAISLEY', 'JUMBO BAG RED RETROSPOT', 'JUMBO STORAGE BAG SUKI'})"
0.021639964396973743,"frozenset({'WHITE HANGING HEART T-LIGHT HOLDER', 'PARTY BUNTING'})"
0.02158433466844682,"frozenset({'LUNCH BAG DOLLY GIRL DESIGN', 'LUNCH BAG SPACEBOY DESIGN'})"
0.02158433466844682,"frozenset({'WOODEN HEART CHRISTMAS SCANDINAVIAN', 'WOODEN STAR CHRISTMAS SCANDINAVIAN'})"
0.02113929684023142,"frozenset({'JAM MAKING SET WITH JARS', 'SET OF 3 CAKE TINS PANTRY DESIGN'})"
0.021083667111704493,"frozenset({'STRAWBERRY CHARLOTTE BAG', 'CHARLOTTE BAG PINK POLKADOT'})"
0.021083667111704493,"frozenset({'JUMBO BAG PINK POLKADOT', 'JUMBO BAG PINK VINTAGE PAISLEY'})"
0.02102803738317757,"frozenset({'JUMBO SHOPPER VINTAGE RED PAISLEY', 'JUMBO BAG RED RETROSPOT', 'JUMBO BAG PINK POLKADOT'})"
0.02091677792612372,"frozenset({'JUMBO STORAGE BAG SUKI', 'JUMBO BAG APPLES'})"
0.02091677792612372,"frozenset({'LUNCH BAG BLACK SKULL.', 'JUMBO BAG RED RETROSPOT'})"
0.020749888740542947,"frozenset({'LUNCH BAG ALPHABET DESIGN', 'LUNCH BAG APPLE DESIGN'})"
0.020749888740542947,"frozenset({'ALARM CLOCK BAKELIKE IVORY', 'ALARM CLOCK BAKELIKE RED'})"
0.020749888740542947,"frozenset({'PACK OF 72 RETROSPOT CAKE CASES', 'PACK OF 72 SKULL CAKE CASES'})"
0.02058299955496217,"frozenset({'SET/20 RED RETROSPOT PAPER NAPKINS', 'SET/6 RED SPOTTY PAPER PLATES'})"
0.020527369826435247,"frozenset({'LUNCH BAG WOODLAND', 'LUNCH BAG APPLE DESIGN'})"
0.020416110369381398,"frozenset({'LUNCH BAG CARS BLUE', 'LUNCH BAG APPLE DESIGN'})"
0.020416110369381398,"frozenset({'JUMBO STORAGE BAG SKULLS', 'JUMBO STORAGE BAG SUKI'})"
0.020360480640854474,"frozenset({'JUMBO STORAGE BAG SUKI', 'JUMBO BAG PINK VINTAGE PAISLEY'})"
0.020304850912327546,"frozenset({'JUMBO BAG APPLES', 'LUNCH BAG APPLE DESIGN'})"
0.020304850912327546,"frozenset({'JUMBO BAG PINK POLKADOT', 'JUMBO BAG APPLES'})"
0.020249221183800622,"frozenset({'LUNCH BAG SUKI DESIGN', 'JUMBO STORAGE BAG SUKI'})"
0.020249221183800622,"frozenset({'JUMBO BAG VINTAGE LEAF', 'JUMBO BAG APPLES'})"
0.020193591455273698,"frozenset({'JUMBO SHOPPER VINTAGE RED PAISLEY', 'DOTCOM POSTAGE'})"
0.020193591455273698,"frozenset({'JUMBO BAG RED RETROSPOT', 'LUNCH BAG PINK POLKADOT'})"
0.02008233199821985,"frozenset({'JUMBO BAG WOODLAND ANIMALS', 'DOTCOM POSTAGE'})"
0.02008233199821985,"frozenset({'LUNCH BAG VINTAGE LEAF DESIGN', 'LUNCH BAG APPLE DESIGN'})"
0.02008233199821985,"frozenset({'LUNCH BAG BLACK SKULL.', 'LUNCH BAG RED RETROSPOT', 'LUNCH BAG PINK POLKADOT'})"
